{
  "name": "Track Name Here",
  "start_line": {
    "first_coordinate": [39.136745, -84.514620],
    "second_coordinate": [39.133683, -84.515136]
  }
}
